[{"id":"p16","title":"Victoria Falls","image":{"src":"victoria-falls.jpg","alt":"The powerful cascade of Victoria Falls, a natural wonder between Zambia and Zimbabwe."},"lat":-17.9243,"lon":25.8572},{"id":"p1","title":"Forest Waterfall","image":{"src":"forest-waterfall.jpg","alt":"A tranquil forest with a cascading waterfall amidst greenery."},"lat":44.5588,"lon":-80.344},{"id":"p5","title":"Ancient Grecian Ruins","image":{"src":"ruins.jpg","alt":"Historic ruins standing tall against the backdrop of the Grecian sky."},"lat":37.9715,"lon":23.7257},{"id":"p10","title":"Parisian Streets","image":{"src":"parisian-streets.jpg","alt":"Charming streets of Paris with historic buildings and cafes."},"lat":48.8566,"lon":2.3522}]